timestamp,trigger,turnover,AAPL,MSFT,NVDA,AMZN,GOOGL,META,TSLA,JPM,BAC,GS,XOM,CVX,JNJ,PFE,BA,WMT,KO,INTC
2026-09-14T08:05:00+00:00,N001-AAPL,0.05484,0.14484,0.08458,0.07518,0.07518,0.06578,0.05638,0.04699,0.05638,0.03759,0.03759,0.04699,0.03759,0.04699,0.03759,0.03759,0.04699,0.03759,0.02819
2026-09-14T08:30:00+00:00,S001-AAPL,0.00516,0.15,0.08407,0.07473,0.07473,0.06538,0.05604,0.0467,0.05604,0.03736,0.03736,0.0467,0.03736,0.0467,0.03736,0.03736,0.0467,0.03736,0.02802
2026-09-14T10:40:00+00:00,N003-BA,0.01568,0.15,0.08569,0.07617,0.07617,0.06665,0.05712,0.0476,0.05712,0.03808,0.03808,0.0476,0.03808,0.0476,0.03808,0.02169,0.0476,0.03808,0.02856
2026-09-14T11:00:00+00:00,S003-BA,0.0035,0.15,0.08605,0.07649,0.07649,0.06693,0.05737,0.04781,0.05737,0.03824,0.03824,0.04781,0.03824,0.04781,0.03824,0.01818,0.04781,0.03824,0.02868
2026-09-14T12:15:00+00:00,N004-AAPL,0.07702,0.07298,0.09385,0.08342,0.08342,0.07299,0.06256,0.05214,0.06256,0.04171,0.04171,0.05214,0.04171,0.05214,0.04171,0.01983,0.05214,0.04171,0.03128
2026-09-14T12:15:00+00:00,N004-NVDA,0.03487,0.07576,0.09742,0.04855,0.08659,0.07577,0.06494,0.05412,0.06494,0.0433,0.0433,0.05412,0.0433,0.05412,0.0433,0.02059,0.05412,0.0433,0.03247
2026-09-14T12:40:00+00:00,S004-NVDA,0.01044,0.07659,0.09849,0.03811,0.08754,0.0766,0.06566,0.05471,0.06566,0.04377,0.04377,0.05471,0.04377,0.05471,0.04377,0.02081,0.05471,0.04377,0.03283
2026-09-14T12:40:00+00:00,S004-AAPL,0.02475,0.05184,0.10113,0.03913,0.08989,0.07865,0.06742,0.05618,0.06742,0.04494,0.04494,0.05618,0.04494,0.05618,0.04494,0.02137,0.05618,0.04494,0.03371
2026-09-14T14:30:00+00:00,N005-MSFT,0.00747,0.05141,0.1086,0.0388,0.08914,0.078,0.06686,0.05571,0.06686,0.04457,0.04457,0.05571,0.04457,0.05571,0.04457,0.02119,0.05571,0.04457,0.03343
2026-09-14T15:05:00+00:00,S005-MSFT,0.02072,0.05022,0.12931,0.0379,0.08707,0.07619,0.0653,0.05442,0.0653,0.04354,0.04354,0.05442,0.04354,0.05442,0.04354,0.0207,0.05442,0.04354,0.03265
2026-09-15T07:50:00+00:00,N006-MSFT,0.02069,0.04903,0.15,0.037,0.085,0.07438,0.06375,0.05313,0.06375,0.0425,0.0425,0.05313,0.0425,0.05313,0.0425,0.02021,0.05313,0.0425,0.03188
2026-09-15T07:50:00+00:00,N006-NVDA,0.02463,0.04771,0.14719,0.06163,0.08272,0.07238,0.06204,0.0517,0.06204,0.04136,0.04136,0.0517,0.04136,0.0517,0.04136,0.01967,0.0517,0.04136,0.03102
2026-09-15T07:50:00+00:00,N006-AMZN,0.02293,0.04652,0.14351,0.06009,0.10565,0.07057,0.06049,0.05041,0.06049,0.04033,0.04033,0.05041,0.04033,0.05041,0.04033,0.01917,0.05041,0.04033,0.03024
2026-09-15T09:05:00+00:00,N007-BAC,0.01978,0.04748,0.14647,0.06133,0.10783,0.07203,0.06174,0.05145,0.06174,0.02054,0.04116,0.05145,0.04116,0.05145,0.04116,0.01957,0.05145,0.04116,0.03087
2026-09-15T09:30:00+00:00,S007-BAC,0.00401,0.04767,0.14707,0.06158,0.10827,0.07232,0.06199,0.05166,0.06199,0.01653,0.04133,0.05166,0.04133,0.05166,0.04133,0.01965,0.05166,0.04133,0.03099
2026-09-15T11:30:00+00:00,N008-XOM,0.00443,0.04789,0.14776,0.06186,0.10878,0.07266,0.06228,0.0519,0.06228,0.01661,0.04152,0.04722,0.04152,0.0519,0.04152,0.01974,0.0519,0.04152,0.03114
2026-09-15T11:30:00+00:00,N008-CVX,0.0036,0.04807,0.14831,0.0621,0.10919,0.07293,0.06251,0.05209,0.06251,0.01667,0.04168,0.0474,0.03792,0.05209,0.04168,0.01982,0.05209,0.04168,0.03126
2026-09-15T11:50:00+00:00,S008-XOM,0.0073,0.04771,0.14717,0.06162,0.10835,0.07237,0.06203,0.0517,0.06203,0.01654,0.04136,0.0547,0.03763,0.0517,0.04136,0.01966,0.0517,0.04136,0.03102
2026-09-15T11:50:00+00:00,S008-CVX,0.00586,0.04741,0.14628,0.06125,0.10769,0.07193,0.06166,0.05138,0.06166,0.01644,0.0411,0.05437,0.04349,0.05138,0.0411,0.01954,0.05138,0.0411,0.03083
2026-09-15T13:45:00+00:00,N009-PFE,0.01552,0.04818,0.14865,0.06224,0.10943,0.0731,0.06265,0.05221,0.06265,0.01671,0.04177,0.05525,0.0442,0.05221,0.02558,0.01986,0.05221,0.04177,0.03133
2026-09-15T14:00:00+00:00,S009-PFE,0.00498,0.04843,0.1494,0.06256,0.10999,0.07347,0.06297,0.05248,0.06297,0.01679,0.04198,0.05553,0.04442,0.05248,0.02061,0.01996,0.05248,0.04198,0.03149
2026-09-15T16:10:00+00:00,N010-JPM,0.02135,0.04732,0.146,0.06113,0.10749,0.0718,0.06154,0.05128,0.08432,0.01641,0.04103,0.05426,0.04341,0.05128,0.02014,0.01951,0.05128,0.04103,0.03077
2026-09-15T16:30:00+00:00,S010-JPM,0.01455,0.04657,0.14368,0.06016,0.10578,0.07066,0.06056,0.05047,0.09887,0.01615,0.04037,0.0534,0.04272,0.05047,0.01982,0.0192,0.05047,0.04037,0.03028
2026-09-16T09:40:00+00:00,N012-TSLA,0.01551,0.04733,0.14603,0.06114,0.10751,0.07181,0.06155,0.03496,0.10049,0.01641,0.04103,0.05427,0.04342,0.05129,0.02014,0.01951,0.05129,0.04103,0.03078
2026-09-16T10:00:00+00:00,S012-TSLA,0.00154,0.04741,0.14626,0.06124,0.10768,0.07192,0.06165,0.03342,0.10065,0.01644,0.0411,0.05436,0.04349,0.05137,0.02017,0.01954,0.05137,0.0411,0.03082
2026-09-16T12:00:00+00:00,N013-NVDA,0.02065,0.04845,0.14948,0.04058,0.11005,0.07351,0.06301,0.03416,0.10286,0.0168,0.042,0.05556,0.04445,0.0525,0.02062,0.01997,0.0525,0.042,0.0315
2026-09-16T12:00:00+00:00,N013-INTC,0.01395,0.04925,0.15,0.04125,0.11185,0.07471,0.06404,0.03472,0.10455,0.01708,0.04269,0.05647,0.04517,0.05337,0.02095,0.0203,0.05337,0.04269,0.01755
2026-09-16T12:20:00+00:00,S013-NVDA,0.00277,0.04941,0.15,0.03848,0.11223,0.07497,0.06426,0.03484,0.10491,0.01714,0.04284,0.05666,0.04533,0.05355,0.02103,0.02037,0.05355,0.04284,0.01761
2026-09-16T12:20:00+00:00,S013-INTC,0.00214,0.04954,0.15,0.03858,0.11252,0.07516,0.06442,0.03493,0.10518,0.01718,0.04295,0.05681,0.04545,0.05369,0.02108,0.02042,0.05369,0.04295,0.01547
2026-09-17T08:30:00+00:00,N016-CVX,0.01296,0.04874,0.15,0.03796,0.11071,0.07395,0.06339,0.03436,0.10348,0.0169,0.04226,0.05589,0.0584,0.05282,0.02074,0.02009,0.05282,0.04226,0.01522
2026-09-17T08:45:00+00:00,S016-CVX,0.0108,0.04817,0.1486,0.03751,0.1094,0.07307,0.06263,0.03395,0.10226,0.0167,0.04176,0.05523,0.0692,0.05219,0.02049,0.01985,0.05219,0.04176,0.01504
2026-09-17T12:45:00+00:00,N018-META,0.01941,0.04927,0.15,0.03837,0.11189,0.07474,0.04322,0.03473,0.10459,0.01708,0.04271,0.05649,0.07078,0.05339,0.02096,0.02031,0.05339,0.04271,0.01538
2026-09-17T13:00:00+00:00,S018-META,0.00108,0.0492,0.15,0.03832,0.11174,0.07464,0.04431,0.03468,0.10445,0.01706,0.04265,0.05641,0.07069,0.05331,0.02093,0.02028,0.05331,0.04265,0.01536
2026-09-17T15:00:00+00:00,N019-WMT,0.02368,0.04788,0.14771,0.03729,0.10874,0.07264,0.04312,0.03375,0.10164,0.0166,0.04151,0.0549,0.06879,0.05188,0.02037,0.01973,0.077,0.04151,0.01495
2026-09-17T15:20:00+00:00,S019-WMT,0.00433,0.04765,0.14701,0.03711,0.10823,0.07229,0.04291,0.03359,0.10117,0.01652,0.04131,0.05464,0.06847,0.05164,0.02028,0.01964,0.08133,0.04131,0.01488
2026-09-18T11:15:00+00:00,N022-GOOGL,0.02916,0.04616,0.14239,0.03595,0.10483,0.10146,0.04156,0.03254,0.09799,0.01601,0.04001,0.05292,0.06631,0.05002,0.01964,0.01902,0.07877,0.04001,0.01441
2026-09-18T11:40:00+00:00,S022-GOOGL,0.01459,0.04541,0.14008,0.03536,0.10313,0.11605,0.04089,0.03201,0.0964,0.01575,0.03936,0.05206,0.06524,0.0492,0.01932,0.01872,0.07749,0.03936,0.01417
2026-09-18T13:50:00+00:00,N023-GS,0.00891,0.04583,0.14138,0.03569,0.10408,0.11713,0.04127,0.03231,0.09729,0.01589,0.03045,0.05255,0.06584,0.04966,0.0195,0.01889,0.07821,0.03973,0.01431
2026-09-18T14:10:00+00:00,S023-GS,0.00645,0.04613,0.14232,0.03593,0.10478,0.1179,0.04154,0.03252,0.09794,0.016,0.024,0.0529,0.06628,0.04999,0.01963,0.01901,0.07873,0.03999,0.0144
2026-09-18T16:20:00+00:00,N024-JNJ,0.01622,0.04534,0.13989,0.03531,0.10299,0.11589,0.04083,0.03197,0.09627,0.01572,0.02359,0.05199,0.06515,0.06621,0.01929,0.01869,0.07739,0.03931,0.01416
2026-09-18T16:40:00+00:00,S024-JNJ,0.01079,0.04482,0.13828,0.03491,0.1018,0.11455,0.04036,0.0316,0.09515,0.01554,0.02332,0.05139,0.0644,0.07699,0.01907,0.01847,0.07649,0.03886,0.01399
2026-09-19T10:00:00+00:00,N026-INTC,0.00231,0.04493,0.1386,0.03499,0.10204,0.11482,0.04046,0.03167,0.09538,0.01558,0.02337,0.05151,0.06455,0.07717,0.01912,0.01852,0.07667,0.03895,0.01168
2026-09-19T10:20:00+00:00,S026-INTC,0.0,0.04493,0.1386,0.03499,0.10204,0.11482,0.04046,0.03167,0.09538,0.01558,0.02337,0.05151,0.06455,0.07717,0.01912,0.01852,0.07667,0.03895,0.01168
2026-09-19T14:45:00+00:00,N028-KO,0.0061,0.04464,0.13772,0.03477,0.10139,0.11409,0.0402,0.03147,0.09477,0.01548,0.02322,0.05119,0.06414,0.07668,0.01899,0.0184,0.07618,0.04505,0.01161
2026-09-20T09:00:00+00:00,N030-BAC,0.01634,0.0439,0.13543,0.03419,0.09971,0.1122,0.03953,0.03095,0.0932,0.03182,0.02284,0.05034,0.06307,0.07541,0.01868,0.01809,0.07492,0.0443,0.01142
2026-09-20T09:20:00+00:00,S030-BAC,0.01346,0.04329,0.13355,0.03371,0.09832,0.11064,0.03898,0.03052,0.0919,0.04528,0.02252,0.04964,0.0622,0.07436,0.01842,0.01784,0.07388,0.04369,0.01126
