id,published_at,outlet,headline,body
N001,2026-09-14T08:05:00Z,Wire Desk,Apple beats quarterly estimates as iPhone demand stays strong,"Apple reported revenue of $94.9 billion, up 6% year over year, beating analyst expectations. Services hit a record high and the company raised its dividend."
N002,2026-09-14T09:20:00Z,Market Brief,Fed signals rates will stay higher for longer,"Federal Reserve officials said inflation remains sticky and signalled no rate cuts this year. Treasury yields jumped and markets priced in a possible further hike."
N003,2026-09-14T10:40:00Z,Wire Desk,Boeing halts 737 MAX deliveries after new quality defect,"Boeing said it would halt deliveries of the 737 MAX after inspectors found a manufacturing defect. The regulator opened an investigation, and the company warned of a delay to its production targets."
N004,2026-09-14T12:15:00Z,Global Times Digest,Tensions escalate in the Strait as naval exercises expand,"Military drills near a key shipping lane escalated overnight. Analysts warned that sanctions and supply chain disruption could follow if the conflict widens, hitting chipmakers including Nvidia and Apple."
N005,2026-09-14T14:30:00Z,Deal Street,Microsoft agrees to acquire cybersecurity firm in $16 billion deal,"Microsoft announced a definitive agreement to acquire a cybersecurity company for $16 billion in cash. The acquisition is expected to close next year, subject to regulatory approval."
N006,2026-09-15T07:50:00Z,Wire Desk,Nvidia unveils next-generation AI chip with record performance,"Nvidia launched its new data-center GPU, claiming twice the performance of the previous generation. Major cloud providers including Microsoft and Amazon said they would adopt the chip."
N007,2026-09-15T09:05:00Z,Credit Watch,Rating agency downgrades regional lender to junk on deposit outflows,"A major rating agency downgraded a mid-sized regional bank to junk status, citing deposit outflows and rising loan losses in commercial real estate. Peers including Bank of America fell in sympathy."
N008,2026-09-15T11:30:00Z,Market Brief,Oil surges after OPEC+ announces surprise output cut,"Crude prices jumped 7% after OPEC+ announced an unexpected production cut. Energy stocks such as Exxon and Chevron rallied, while airlines slumped on higher fuel costs."
N009,2026-09-15T13:45:00Z,Wire Desk,Pfizer drug fails late-stage trial,"Pfizer said its experimental treatment failed to meet its primary endpoint in a phase 3 trial. The company will take an impairment charge and shares fell sharply in early trading."
N010,2026-09-15T16:10:00Z,Deal Street,JPMorgan reports record trading revenue,"JPMorgan posted record markets revenue and raised full-year guidance on net interest income. Jamie Dimon said the consumer remains resilient but warned about geopolitical risk."
N011,2026-09-16T08:00:00Z,Market Brief,US CPI comes in hotter than expected,"Consumer prices rose 0.6% in August, above the 0.3% forecast. Core inflation accelerated, raising the odds of another rate hike and pushing bond yields to a 16-year high."
N012,2026-09-16T09:40:00Z,Wire Desk,Tesla recalls 2 million vehicles over autopilot safety concerns,"Tesla is recalling more than two million vehicles after a safety regulator probe into its driver-assistance system. Elon Musk said the fix would be delivered by software update."
N013,2026-09-16T12:00:00Z,Global Times Digest,New export controls target advanced semiconductors,"The government announced sweeping export controls and sanctions on advanced semiconductors and chipmaking tools. Nvidia and Intel warned the restrictions could cut revenue in the region."
N014,2026-09-16T14:20:00Z,Wire Desk,Amazon launches new AI shopping assistant,"Amazon rolled out a generative AI shopping assistant to all US customers. Analysts said the launch strengthens AWS and could lift advertising revenue."
N015,2026-09-16T17:05:00Z,Credit Watch,Property developer misses bond coupon payment,"A large property developer failed to make a coupon payment on its offshore dollar bonds, entering a grace period. Creditors are preparing for a possible restructuring and contagion fears hit bank stocks."
N016,2026-09-17T08:30:00Z,Deal Street,Chevron completes merger with independent producer,"Chevron completed its all-stock merger after receiving final regulatory approval. Management expects $1 billion in annual cost synergies."
N017,2026-09-17T10:10:00Z,Market Brief,Unemployment rises to 4.6% as hiring slows sharply,"Nonfarm payrolls grew by just 40,000 last month and the unemployment rate rose to 4.6%. Economists say recession risk is rising."
N018,2026-09-17T12:45:00Z,Wire Desk,Meta fined record sum by EU regulators over data transfers,"European regulators fined Meta a record amount for violating data privacy rules and ordered it to suspend transfers. Meta said it would appeal the decision."
N019,2026-09-17T15:00:00Z,Wire Desk,Walmart raises outlook as shoppers trade down,"Walmart raised its full-year outlook after strong same-store sales growth. Grocery market share gains and e-commerce growth beat expectations."
N020,2026-09-18T07:45:00Z,Global Times Digest,Ceasefire talks collapse and conflict escalates,"Diplomatic talks collapsed overnight and missile strikes were reported near energy infrastructure. Oil jumped, gold hit a record and global stocks sold off on the escalation of war risk."
N021,2026-09-18T09:30:00Z,Credit Watch,Mid-cap manufacturer files for Chapter 11 bankruptcy,"An industrial manufacturer filed for Chapter 11 bankruptcy protection after defaulting on its term loan. Lenders face significant losses on the leveraged loan."
N022,2026-09-18T11:15:00Z,Wire Desk,Alphabet wins dismissal of antitrust claim,"A federal judge dismissed a key antitrust claim against Google, a significant legal win for Alphabet. Shares rose in afternoon trading."
N023,2026-09-18T13:50:00Z,Deal Street,Goldman Sachs to sell consumer unit at a loss,"Goldman Sachs agreed to sell its consumer lending unit, booking a loss on the divestiture. The bank said the deal frees capital for its core businesses."
N024,2026-09-18T16:20:00Z,Wire Desk,Johnson & Johnson settles talc litigation,"Johnson & Johnson reached a settlement to resolve most talc lawsuits, removing a long-running legal overhang. Analysts called the resolution a positive outcome."
N025,2026-09-19T08:10:00Z,Market Brief,ECB unexpectedly cuts rates as euro-area growth stalls,"The European Central Bank cut its deposit rate by 25 basis points, surprising markets. Policymakers cited weak growth and easing inflation."
N026,2026-09-19T10:00:00Z,Wire Desk,Intel delays flagship chip and cuts guidance,"Intel delayed its next flagship processor to next year and cut revenue guidance, citing manufacturing yield problems. Shares slumped 9% in pre-market trading."
N027,2026-09-19T12:30:00Z,Credit Watch,Sovereign downgraded as fiscal deficit widens,"A rating agency downgraded an emerging-market sovereign by two notches, warning of a widening fiscal deficit and rising default risk. The currency weakened sharply."
N028,2026-09-19T14:45:00Z,Wire Desk,Coca-Cola launches zero-sugar line in 40 new markets,"Coca-Cola announced the launch of its new zero-sugar product line across 40 markets, supported by strong early demand in pilot regions."
N029,2026-09-19T16:30:00Z,Market Brief,Treasury yields spike as bond auction sees weak demand,"A weak 10-year Treasury auction sent yields sharply higher. Strategists warned the sell-off could tighten financial conditions further."
N030,2026-09-20T09:00:00Z,Wire Desk,Bank of America beats estimates on strong wealth management,"Bank of America reported earnings above estimates, driven by record wealth management fees and stable credit quality."
