trade_id,trade_date,counterparty,asset_class,instrument,sector,region,currency,notional,market_value,rating,maturity_years,coupon,mod_duration,spread_duration,equity_delta,fx_delta,pd,lgd
T1001,2025-03-12,Northwind Manufacturing,Loan,Senior Secured Term Loan B,Industrials,US,USD,25000000,24600000,BB-,5.0,0.082,0.25,3.8,0,0,0.028,0.35
T1002,2025-04-02,Harbor Retail Group,Loan,Revolving Credit Facility,Consumer Discretionary,US,USD,15000000,14900000,BBB-,3.0,0.071,0.25,2.6,0,0,0.012,0.40
T1003,2025-05-18,Meridian Property Holdings,Loan,Commercial Real Estate Loan,Real Estate,APAC,USD,30000000,28500000,B+,4.0,0.095,0.25,3.4,0,0,0.045,0.45
T1004,2025-06-21,Atlas Shipping Co.,Loan,Project Finance Loan,Industrials,EMEA,EUR,18000000,17800000,BB,7.0,0.068,0.25,5.6,0,-0.10,0.022,0.30
T1005,2025-07-09,Granite Utilities,Loan,Investment Grade Term Loan,Utilities,US,USD,22000000,22100000,A-,5.0,0.058,0.25,4.4,0,0,0.004,0.40
T1006,2025-02-14,US Treasury,Bond,UST 10Y Note,Sovereign,US,USD,40000000,38200000,AA+,9.0,0.0425,7.9,0,0,0,0.0,0.0
T1007,2025-03-03,US Treasury,Bond,UST 2Y Note,Sovereign,US,USD,25000000,24900000,AA+,1.8,0.045,1.7,0,0,0,0.0,0.0
T1008,2025-04-27,Federal Republic,Bond,10Y Government Bond,Sovereign,EMEA,EUR,20000000,19400000,AAA,9.5,0.025,8.6,0,0,-0.10,0.0,0.0
T1009,2025-05-30,Republic of Andesia,Bond,EM Sovereign USD Bond,Sovereign,LATAM,USD,12000000,11300000,BB,8.0,0.0675,6.1,6.1,0,0,0.020,0.60
T1010,2025-06-11,Apex Financial Corp.,Bond,Senior Unsecured Bank Bond,Financials,US,USD,15000000,14700000,A-,6.0,0.052,5.2,5.2,0,0,0.006,0.55
T1011,2025-07-15,Vertex Energy Partners,Bond,High Yield Corporate Bond,Energy,US,USD,10000000,9600000,B,6.0,0.089,4.6,4.6,0,0,0.035,0.60
T1012,2025-08-08,Lotus Developers Ltd.,Bond,Offshore Property Bond,Real Estate,APAC,USD,8000000,6900000,CCC+,3.0,0.112,2.6,2.6,0,0,0.120,0.70
T1013,2025-03-19,Blue Ridge Pension Fund,Derivative,Interest Rate Swap (pay fixed),Rates,US,USD,50000000,850000,NR,10.0,0.041,-8.2,0,0,0,0.0,0.0
T1014,2025-04-23,Coastal Bank AG,Derivative,Cross Currency Swap,FX,EMEA,EUR,30000000,-420000,A,5.0,0.0,0.4,0,0,0.95,0.003,0.60
T1015,2025-05-06,Summit Asset Management,Derivative,Equity Index Total Return Swap,Equity,US,USD,20000000,1200000,NR,1.0,0.0,0,0,1.0,0,0.004,0.60
T1016,2025-06-17,Pinnacle Airlines,Derivative,Jet Fuel Swap,Commodities,US,USD,12000000,300000,BB,2.0,0.0,0,0,0,0,0.018,0.50
T1017,2025-07-22,Orion Capital,Derivative,CDS Protection Bought,Credit,US,USD,15000000,-180000,BBB+,5.0,0.0,0,-4.5,0,0,0.0,0.0
T1018,2025-08-14,Strategic Equity Book,Equity,US Large Cap Basket,Equity,US,USD,25000000,26300000,NR,0,0,0,0,1.0,0,0.0,0.0
T1019,2025-08-29,Strategic Equity Book,Equity,Bank Equity Basket,Financials,US,USD,10000000,9700000,NR,0,0,0,0,1.25,0,0.0,0.0
T1020,2025-09-05,Strategic Equity Book,Equity,APAC Tech Basket,Information Technology,APAC,USD,12000000,12800000,NR,0,0,0,0,1.15,0.5,0.0,0.0
